timestamp,x_m,y_m,yaw_deg
1787490137.1433609,0.0,0.0,0.0
1787490137.144227,-1.57386,-1.8104,0.0
1787490137.2452607,5e-05,2e-05,0.0
1787490137.3446622,0.01052,0.0039,0.0
1787490137.4457588,0.04611,0.01667,0.0
1787490137.5435355,0.08532,0.03236,0.0
1787490137.6455913,0.11751,0.04521,0.0
1787490137.7632046,0.14035,0.05381,0.0
1787490137.8631213,0.16314,0.06319,0.0
1787490137.962333,0.19243,0.07493,0.0
1787490138.0638843,0.22484,0.08749,0.0
1787490138.162724,0.25274,0.09873,0.0
1787490138.2854278,0.27244,0.10463,0.0
1787490138.3982065,0.28796,0.1167,0.0
1787490138.5043004,0.31785,0.13334,0.0
1787490138.604266,0.3523,0.15181,0.0
1787490138.7040346,0.37893,0.16673,0.0
1787490138.8039067,0.39944,0.17789,0.0
1787490138.9043572,0.42232,0.19168,0.0
1787490139.0046022,0.45152,0.2076,0.0
1787490139.1038976,0.48136,0.22414,0.0
1787490139.2031362,0.50682,0.23851,0.0
1787490139.3247168,0.53101,0.25124,0.0
1787490139.4238665,0.55695,0.26502,0.0
1787490139.5244927,0.58499,0.27955,0.0
1787490139.6247811,0.61333,0.29353,0.0
1787490139.724912,0.6524,0.31349,0.0
1787490139.847563,0.67888,0.32613,0.0
1787490139.9473789,0.70701,0.33823,0.0
1787490140.047387,0.73586,0.35022,0.0
1787490140.143859,0.76446,0.36124,0.0
1787490140.2637215,0.79241,0.37204,0.0
1787490140.3637452,0.82049,0.38233,0.0
1787490140.4643512,0.84928,0.39188,0.0
1787490140.5659678,0.87876,0.40146,0.0
1787490140.6647627,0.90218,0.40718,0.0
1787490140.7645802,0.91105,0.41093,0.0
1787490140.8637938,0.92033,0.41481,0.0
1787490140.964797,0.93557,0.42239,0.0
1787490141.0654848,0.95169,0.43095,0.0
1787490141.1652973,0.96588,0.43922,0.0
1787490141.2652483,0.97891,0.44782,0.0
1787490141.3645747,0.99204,0.45704,0.0
1787490141.4848921,1.01059,0.47237,0.0
1787490141.5839553,1.01628,0.47777,0.0
1787490141.6832726,1.03275,0.49496,0.0
1787490141.782985,1.04301,0.50702,0.0
1787490141.8831906,1.05299,0.519,0.0
1787490141.982738,1.06288,0.53163,0.0
1787490142.0829213,1.07929,0.55499,0.0
1787490142.182973,1.10152,0.58712,0.0
1787490142.3048253,1.12121,0.61659,0.0
1787490142.4045222,1.1351,0.63913,0.0
1787490142.50345,1.14824,0.66022,0.0
1787490142.605547,1.1667,0.6833,0.0
1787490142.7165701,1.18897,0.70602,0.0
1787490142.8051994,1.20219,0.71939,0.0
1787490142.9036546,1.21004,0.72834,0.0
1787490143.004094,1.21904,0.739,0.0
1787490143.1033707,1.22783,0.75229,0.0
1787490143.2036488,1.23693,0.76657,0.0
1787490143.3039632,1.24442,0.78295,0.0
1787490143.4032333,1.25646,0.80855,0.0
1787490143.5065687,1.27603,0.84092,0.0
1787490143.606594,1.29676,0.87054,0.0
1787490143.7138395,1.31416,0.8927,0.0
1787490143.8236382,1.33085,0.90902,0.0
1787490143.9246898,1.34337,0.91989,0.0
1787490144.0248048,1.34947,0.92984,0.0
1787490144.1236842,1.35892,0.94235,0.0
1787490144.2241764,1.3724,0.96351,0.0
1787490144.3250864,1.37989,0.97767,0.0
1787490144.4242115,1.3869,0.99641,0.0
1787490144.5242257,1.39929,1.02331,0.0
1787490144.6240668,1.4118,1.05195,0.0
1787490144.7446363,1.42213,1.0708,0.0
1787490144.8445868,1.4291,1.08257,0.0
1787490144.9444072,1.43674,1.09345,0.0
1787490145.0442784,1.44707,1.1066,0.0
1787490145.1443079,1.45305,1.11483,0.0
1787490145.2652833,1.4489,1.10548,0.0
1787490145.365113,1.44678,1.1021,0.0
1787490145.4645135,1.44847,1.10167,0.0
1787490145.564376,1.44953,1.10263,0.0
1787490145.6652238,1.44642,1.1064,0.0
1787490145.7652133,1.44467,1.1072,0.0
1787490145.8641965,1.44379,1.10687,0.0
1787490145.963061,1.44495,1.10649,0.0
1787490146.0635116,1.44794,1.10386,0.0
1787490146.1642275,1.44854,1.10365,0.0
1787490146.2636216,1.4496,1.1027,0.0
1787490146.3643796,1.44971,1.10268,0.0
1787490146.463921,1.44767,1.10671,0.0
1787490146.564309,1.44656,1.10697,0.0
1787490146.664453,1.4452,1.10661,0.0
1787490146.78443,1.44644,1.10678,0.0
1787490146.8859956,1.45006,1.10364,0.0
1787490146.984086,1.45043,1.10304,0.0
1787490147.0837872,1.4484,1.10626,0.0
1787490147.1847782,1.45173,1.10245,0.0
1787490147.2838237,1.45241,1.10294,0.0
1787490147.3855042,1.45286,1.10285,0.0
1787490147.4848099,1.45017,1.10713,0.0
1787490147.583638,1.44854,1.10712,0.0
1787490147.6856477,1.44804,1.10735,0.0
1787490147.7842438,1.44988,1.10771,0.0
1787490147.885262,1.453,1.10355,0.0
1787490148.003738,1.45323,1.10392,0.0
1787490148.1041431,1.45271,1.10426,0.0
1787490148.203343,1.45253,1.10471,0.0
1787490148.3027778,1.45006,1.10895,0.0
1787490148.4031856,1.44848,1.10906,0.0
1787490148.5026484,1.44826,1.10896,0.0
1787490148.6022825,1.44984,1.10926,0.0
1787490148.7071445,1.45276,1.10518,0.0
1787490148.8038836,1.45288,1.10471,0.0
1787490148.9033225,1.45126,1.10852,0.0
1787490149.003539,1.45413,1.10485,0.0
1787490149.1033201,1.45405,1.10567,0.0
1787490149.2040715,1.45383,1.10569,0.0
1787490149.3242142,1.45071,1.10931,0.0
1787490149.4243784,1.44968,1.10943,0.0
1787490149.5240922,1.44963,1.10878,0.0
1787490149.62482,1.45229,1.10557,0.0
1787490149.7441278,1.45322,1.1057,0.0
1787490149.8440294,1.45405,1.1058,0.0
1787490149.9437819,1.45358,1.10529,0.0
1787490150.0460258,1.45053,1.10877,0.0
1787490150.144372,1.44922,1.10937,0.0
1787490150.2446036,1.44854,1.109,0.0
1787490150.3445058,1.44957,1.1086,0.0
1787490150.4444351,1.45149,1.10544,0.0
1787490150.544139,1.45053,1.10716,0.0
1787490150.6442175,1.45087,1.10861,0.0
1787490150.7451038,1.45021,1.10811,0.0
1787490150.844598,1.44994,1.10768,0.0
1787490150.9444273,1.44997,1.10836,0.0
1787490151.0443075,1.45064,1.10811,0.0
1787490151.144122,1.45138,1.10753,0.0
1787490151.2644196,1.4517,1.10678,0.0
1787490151.3640513,1.45201,1.10701,0.0
1787490151.4643106,1.45235,1.10731,0.0
1787490151.5643327,1.45262,1.1075,0.0
1787490151.68534,1.45292,1.10706,0.0
1787490151.7834396,1.4537,1.10625,0.0
1787490151.884751,1.45365,1.10608,0.0
1787490151.984497,1.45329,1.10595,0.0
1787490152.0845463,1.45371,1.1057,0.0
1787490152.185025,1.4541,1.10567,0.0
1787490152.3043647,1.45555,1.10345,0.0
1787490152.403142,1.4694,1.09621,0.0
1787490152.504215,1.4894,1.08417,0.0
1787490152.6049526,1.50754,1.07063,0.0
1787490152.7076347,1.52261,1.05853,0.0
1787490152.804052,1.53871,1.04583,0.0
1787490152.9262753,1.55754,1.03034,0.0
1787490153.025914,1.57616,1.01403,0.0
1787490153.1257446,1.5952,0.99845,0.0
1787490153.224871,1.61353,0.98276,0.0
1787490153.3256383,1.63001,0.96906,0.0
1787490153.4227269,1.64427,0.95676,0.0
1787490153.5238771,1.659,0.94371,0.0
1787490153.6273625,1.67355,0.93285,0.0
1787490153.7245321,1.68364,0.92612,0.0
1787490153.8255022,1.69146,0.9234,0.0
1787490153.9249227,1.69245,0.92417,0.0
1787490154.0241208,1.68766,0.928,0.0
1787490154.12359,1.68475,0.92911,0.0
1787490154.2241626,1.68694,0.92332,0.0
1787490154.3254519,1.69784,0.90916,0.0
1787490154.4250724,1.71713,0.88744,0.0
1787490154.52452,1.73664,0.86192,0.0
1787490154.6244078,1.74525,0.8574,0.0
1787490154.7244961,1.74398,0.86367,0.0
1787490154.8245676,1.73829,0.87103,0.0
1787490154.944983,1.73406,0.87073,0.0
1787490155.0446439,1.73631,0.8651,0.0
1787490155.1451313,1.7396,0.86306,0.0
1787490155.2448301,1.73919,0.86619,0.0
1787490155.3454099,1.73673,0.86865,0.0
1787490155.4437807,1.7349,0.86756,0.0
1787490155.544106,1.73489,0.86424,0.0
1787490155.644605,1.73,0.86004,0.0
1787490155.745647,1.72362,0.83987,0.0
1787490155.8454604,1.7142,0.80626,0.0
1787490155.9447887,1.70709,0.77941,0.0
1787490156.0452435,1.70428,0.76596,0.0
1787490156.1438456,1.70232,0.75806,0.0
1787490156.2454665,1.6992,0.74753,0.0
1787490156.3463025,1.69793,0.73609,0.0
1787490156.4450269,1.69972,0.73699,0.0
1787490156.5628579,1.70259,0.74486,0.0
1787490156.6637208,1.70143,0.748,0.0
1787490156.7628567,1.69639,0.74317,0.0
1787490156.8877494,1.67803,0.71343,0.0
1787490156.9872653,1.65639,0.68789,0.0
1787490157.084297,1.63267,0.66257,0.0
1787490157.1850328,1.61099,0.64298,0.0
1787490157.2844648,1.59146,0.62533,0.0
1787490157.3850453,1.57135,0.60483,0.0
1787490157.4845753,1.54803,0.58256,0.0
1787490157.5855756,1.52415,0.56059,0.0
1787490157.6844826,1.50337,0.54093,0.0
1787490157.7838674,1.48313,0.52142,0.0
1787490157.884154,1.46313,0.50133,0.0
1787490157.9836936,1.44551,0.48324,0.0
1787490158.084507,1.43455,0.47016,0.0
1787490158.1840177,1.43384,0.46547,0.0
1787490158.2858312,1.44194,0.47103,0.0
1787490158.4042113,1.4475,0.47759,0.0
1787490158.5036383,1.44123,0.47709,0.0
1787490158.6048248,1.41701,0.46798,0.0
1787490158.7086587,1.37897,0.4489,0.0
1787490158.8042388,1.34227,0.4312,0.0
1787490158.9045684,1.317,0.41934,0.0
1787490159.0040529,1.29826,0.40968,0.0
1787490159.104669,1.27365,0.39663,0.0
1787490159.2247272,1.24253,0.37974,0.0
1787490159.3228729,1.21433,0.36283,0.0
1787490159.4232414,1.20135,0.35288,0.0
1787490159.5235686,1.20976,0.35651,0.0
1787490159.624407,1.21961,0.35986,0.0
1787490159.724218,1.21347,0.36751,0.0
1787490159.8438973,1.17618,0.36159,0.0
1787490159.9440942,1.13347,0.35421,0.0
1787490160.0442567,1.09655,0.34827,0.0
1787490160.14401,1.07099,0.34381,0.0
1787490160.2434049,1.04839,0.3397,0.0
1787490160.3443077,1.01972,0.3339,0.0
1787490160.4437501,0.98578,0.32734,0.0
1787490160.5643387,0.95388,0.32122,0.0
1787490160.663609,0.92709,0.31472,0.0
1787490160.7651286,0.90165,0.30738,0.0
1787490160.8660355,0.87299,0.29918,0.0
1787490160.9663649,0.84224,0.2905,0.0
1787490161.0644948,0.81271,0.28203,0.0
1787490161.1650689,0.78516,0.27417,0.0
1787490161.2838416,0.74401,0.26085,0.0
1787490161.3841722,0.71447,0.25154,0.0
1787490161.4846237,0.68551,0.24316,0.0
1787490161.5844316,0.65689,0.23656,0.0
1787490161.6843715,0.62773,0.23002,0.0
1787490161.7843552,0.59921,0.22604,0.0
1787490161.8842115,0.58301,0.22414,0.0
1787490161.9843469,0.59114,0.22461,0.0
1787490162.0845482,0.58431,0.22,0.0
1787490162.184563,0.54937,0.2058,0.0
1787490162.3053076,0.50929,0.19104,0.0
1787490162.4049425,0.47671,0.17885,0.0
1787490162.503999,0.4538,0.1703,0.0
1787490162.6048763,0.43127,0.16183,0.0
1787490162.704378,0.40128,0.15044,0.0
1787490162.8243406,0.36881,0.13799,0.0
1787490162.9257197,0.33989,0.12749,0.0
1787490163.0258567,0.31499,0.11998,0.0
1787490163.1243706,0.29989,0.11412,0.0
1787490163.2252326,0.27319,0.09378,0.0
1787490163.3248343,0.24222,0.07834,0.0
1787490163.4241436,0.21529,0.06406,0.0
1787490163.525684,0.19797,0.05539,0.0
1787490163.6250868,0.18666,0.0493,0.0
1787490163.7436385,0.17268,0.04198,0.0
1787490163.8456926,0.1562,0.03373,0.0
1787490163.9448814,0.14403,0.03023,0.0
1787490164.0457048,0.14581,0.03186,0.0
1787490164.1458902,0.15623,0.03441,0.0
1787490164.245181,0.15619,0.03594,0.0
1787490164.3452551,0.15467,0.03656,0.0
1787490164.4448583,0.15146,0.03506,0.0
1787490164.5458267,0.14952,0.03299,0.0
1787490164.6444588,0.15034,0.03328,0.0
1787490164.744926,0.15239,0.03519,0.0
1787490164.8463511,0.15301,0.03164,0.0
1787490164.949937,0.14864,0.02306,0.0
1787490165.0656915,0.13884,0.00663,0.0
1787490165.1665292,0.12724,-0.01243,0.0
1787490165.2656488,0.11985,-0.0254,0.0
1787490165.3665073,0.11497,-0.03218,0.0
1787490165.4666035,0.11074,-0.04208,0.0
1787490165.5658908,0.11156,-0.04266,0.0
1787490165.6665664,0.11637,-0.03666,0.0
1787490165.7655625,0.11761,-0.03249,0.0
1787490165.865957,0.11368,-0.03445,0.0
1787490165.9661577,0.11065,-0.03769,0.0
1787490166.0875018,0.11302,-0.03617,0.0
1787490166.185826,0.11488,-0.03361,0.0
1787490166.2852442,0.11319,-0.03285,0.0
1787490166.3862858,0.11087,-0.03447,0.0
1787490166.4858234,0.11039,-0.03471,0.0
1787490166.5867612,0.1113,-0.0338,0.0
1787490166.7082384,0.11175,-0.03256,0.0
1787490166.8055592,0.11339,-0.02821,0.0
1787490166.9052093,0.11331,-0.02883,0.0
1787490167.005625,0.11161,-0.03358,0.0
1787490167.1057382,0.11083,-0.03364,0.0
1787490167.2255003,0.11242,-0.03002,0.0
1787490167.3258193,0.11252,-0.03032,0.0
1787490167.425409,0.11141,-0.03434,0.0
1787490167.5250487,0.11107,-0.03477,0.0
1787490167.625632,0.11067,-0.03503,0.0
1787490167.72473,0.11139,-0.03246,0.0
1787490167.8245919,0.11259,-0.02941,0.0
1787490167.9452004,0.11239,-0.031,0.0
1787490168.046268,0.11078,-0.03499,0.0
1787490168.1457784,0.11114,-0.03316,0.0
1787490168.2459698,0.11233,-0.03069,0.0
1787490168.3457978,0.1126,-0.0315,0.0
1787490168.4453712,0.11107,-0.03418,0.0
1787490168.5460885,0.11034,-0.0354,0.0
1787490168.6463225,0.11129,-0.03518,0.0
1787490168.745648,0.11184,-0.03303,0.0
1787490168.8446417,0.11324,-0.02905,0.0
1787490168.9448605,0.11297,-0.02915,0.0
1787490169.0457673,0.1134,-0.03193,0.0
1787490169.1440408,0.11253,-0.03508,0.0
1787490169.2461412,0.11127,-0.03601,0.0
1787490169.345724,0.11164,-0.03573,0.0
1787490169.4682708,0.11219,-0.03266,0.0
1787490169.5677762,0.11363,-0.02891,0.0
1787490169.6673012,0.11308,-0.02943,0.0
1787490169.7683454,0.11291,-0.03147,0.0
1787490169.867242,0.11176,-0.03438,0.0
1787490169.9860716,0.11252,-0.03479,0.0
1787490170.0866475,0.11255,-0.03333,0.0
1787490170.1852388,0.11414,-0.02801,0.0
1787490170.2860572,0.11397,-0.02806,0.0
1787490170.3861835,0.11417,-0.02857,0.0
1787490170.4857888,0.11285,-0.03376,0.0
1787490170.58646,0.11167,-0.034,0.0
1787490170.686221,0.11145,-0.03473,0.0
1787490170.7863078,0.11133,-0.03368,0.0
1787490170.8877382,0.11381,-0.02789,0.0
1787490170.9858503,0.11351,-0.02868,0.0
1787490171.0859723,0.1129,-0.02874,0.0
1787490171.1851187,0.11203,-0.03408,0.0
1787490171.3053837,0.11191,-0.03445,0.0
1787490171.4078236,0.11274,-0.03425,0.0
1787490171.5071063,0.11174,-0.03333,0.0
1787490171.6079597,0.11286,-0.02794,0.0
1787490171.7123318,0.11247,-0.02799,0.0
1787490171.8065815,0.11322,-0.02753,0.0
1787490171.9062989,0.11284,-0.03312,0.0
1787490172.0058293,0.11189,-0.03352,0.0
1787490172.1063771,0.11149,-0.03371,0.0
1787490172.2100453,0.1112,-0.03286,0.0
1787490172.3257096,0.11371,-0.02692,0.0
1787490172.427347,0.11364,-0.02735,0.0
1787490172.5276697,0.11175,-0.03308,0.0
1787490172.6267068,0.11222,-0.03268,0.0
1787490172.7275155,0.1132,-0.02965,0.0
1787490172.826906,0.11366,-0.02942,0.0
1787490172.9260652,0.11289,-0.03328,0.0
1787490173.0273879,0.11225,-0.03471,0.0
1787490173.1273084,0.1115,-0.0339,0.0
1787490173.2260618,0.11105,-0.03282,0.0
1787490173.3284826,0.11124,-0.03238,0.0
1787490173.4293442,0.11079,-0.03329,0.0
1787490173.5291708,0.11073,-0.03311,0.0
1787490173.6272943,0.11084,-0.0314,0.0
1787490173.7261374,0.10621,-0.02714,0.0
1787490173.828363,0.09417,-0.02143,0.0
1787490173.927268,0.08728,-0.02051,0.0
1787490174.0262206,0.09186,-0.02577,0.0
1787490174.1275845,0.09816,-0.02861,0.0
1787490174.2285163,0.09836,-0.02588,0.0
1787490174.3458893,0.09366,-0.0227,0.0
1787490174.4458027,0.09213,-0.0233,0.0
1787490174.5452409,0.09429,-0.02604,0.0
1787490174.6458423,0.09627,-0.02644,0.0
1787490174.745616,0.09615,-0.02523,0.0
1787490174.8451254,0.09438,-0.02418,0.0
1787490174.9453273,0.09436,-0.02443,0.0
1787490175.04538,0.09543,-0.02577,0.0
1787490175.166623,0.09618,-0.02632,0.0
1787490175.2665708,0.09637,-0.02568,0.0
1787490175.3669438,0.09595,-0.02546,0.0
1787490175.4658163,0.09604,-0.02588,0.0
1787490175.5664225,0.09658,-0.0263,0.0
1787490175.6659958,0.09782,-0.02613,0.0
1787490175.7858932,0.10093,-0.02761,0.0
1787490175.8864064,0.10204,-0.02255,0.0
1787490175.9860606,0.1083,-0.00396,0.0
1787490176.0850327,0.11769,0.02039,0.0
1787490176.1861224,0.12329,0.03627,0.0
1787490176.3065612,0.12508,0.03599,0.0
1787490176.4045253,0.11904,0.03032,0.0
1787490176.5060322,0.11768,0.02921,0.0
1787490176.606108,0.11734,0.03053,0.0
1787490176.7078712,0.11799,0.03111,0.0
1787490176.8062086,0.11862,0.03057,0.0
1787490176.9266372,0.11946,0.02964,0.0
1787490177.0261533,0.12271,0.0303,0.0
1787490177.1260993,0.13574,0.04514,0.0
1787490177.227206,0.17535,0.08833,0.0
1787490177.3262591,0.19993,0.11568,0.0
1787490177.4261057,0.21764,0.13401,0.0
1787490177.5261269,0.23522,0.15008,0.0
1787490177.6261635,0.25868,0.16996,0.0
1787490177.7462811,0.28514,0.19304,0.0
1787490177.8466856,0.30982,0.21299,0.0
1787490177.9472134,0.3323,0.22825,0.0
1787490178.0462992,0.35645,0.24165,0.0
1787490178.1462631,0.38353,0.25687,0.0
1787490178.2648044,0.41213,0.2718,0.0
1787490178.3650398,0.4399,0.28435,0.0
1787490178.4650598,0.46723,0.2938,0.0
1787490178.5645022,0.49499,0.30156,0.0
1787490178.6638436,0.5249,0.30944,0.0
1787490178.7866306,0.56965,0.31857,0.0
1787490178.8878121,0.59951,0.32296,0.0
1787490178.9875119,0.62923,0.32457,0.0
1787490179.0871942,0.65936,0.32455,0.0
1787490179.186103,0.68974,0.32295,0.0
1787490179.2850928,0.72016,0.32072,0.0
1787490179.3863676,0.74671,0.31481,0.0
1787490179.4851167,0.75733,0.31284,0.0
1787490179.5857077,0.74753,0.31321,0.0
1787490179.6874304,0.73628,0.31313,0.0
1787490179.8058562,0.73306,0.31418,0.0
1787490179.9060416,0.739,0.31667,0.0
1787490180.006338,0.74601,0.32171,0.0
1787490180.106357,0.76494,0.33417,0.0
1787490180.2060308,0.80136,0.35098,0.0
1787490180.3063462,0.83836,0.36797,0.0
1787490180.4062078,0.86529,0.38081,0.0
1787490180.5265317,0.89678,0.39582,0.0
1787490180.6468573,0.92508,0.40809,0.0
1787490180.7469323,0.94958,0.41943,0.0
1787490180.8467014,0.96093,0.42583,0.0
1787490180.9465926,0.9726,0.43205,0.0
1787490181.0474944,0.9863,0.44089,0.0
1787490181.1472015,1.0003,0.45006,0.0
1787490181.2654607,1.01282,0.45992,0.0
1787490181.3656614,1.02441,0.47172,0.0
1787490181.464643,1.0358,0.48407,0.0
1787490181.5657575,1.04663,0.49621,0.0
1787490181.6655521,1.05624,0.50905,0.0
1787490181.7651005,1.06568,0.52199,0.0
1787490181.8657997,1.07803,0.54195,0.0
1787490181.9641886,1.09765,0.57272,0.0
1787490182.0649183,1.11802,0.60471,0.0
1787490182.1653016,1.13345,0.62958,0.0
1787490182.2862818,1.1521,0.66156,0.0
1787490182.3845224,1.16944,0.68693,0.0
1787490182.485703,1.18989,0.71444,0.0
1787490182.5863264,1.20921,0.73407,0.0
1787490182.6856017,1.2189,0.74328,0.0
1787490182.7856412,1.22564,0.75218,0.0
1787490182.8856008,1.23565,0.76596,0.0
1787490182.9857662,1.24492,0.78051,0.0
1787490183.085345,1.25176,0.799,0.0
1787490183.1853309,1.26622,0.82572,0.0
1787490183.3059733,1.27637,0.84799,0.0
1787490183.4063125,1.2931,0.87622,0.0
1787490183.5059392,1.31278,0.90612,0.0
1787490183.6062586,1.33074,0.92948,0.0
1787490183.7052207,1.34499,0.9457,0.0
1787490183.8062174,1.35341,0.95687,0.0
1787490183.9255614,1.3619,0.97001,0.0
1787490184.0261414,1.36927,0.98464,0.0
1787490184.125695,1.37522,0.99891,0.0
1787490184.2258792,1.38507,1.02508,0.0
1787490184.325891,1.39401,1.051,0.0
1787490184.444216,1.4045,1.07482,0.0
1787490184.525447,1.4141,1.09266,0.0
1787490184.6262724,1.42253,1.10601,0.0
1787490184.746696,1.4275,1.11632,0.0
1787490184.8455524,1.4242,1.11211,0.0
1787490184.9458227,1.41878,1.10382,0.0
1787490185.0460472,1.4226,1.09758,0.0
1787490185.145331,1.42299,1.10459,0.0
1787490185.24557,1.42405,1.10563,0.0
1787490185.3466003,1.4233,1.10729,0.0
1787490185.4457183,1.42362,1.10705,0.0
1787490185.5460315,1.42407,1.10667,0.0
1787490185.6462111,1.42364,1.10658,0.0
1787490185.7453947,1.4239,1.10749,0.0
1787490185.8462844,1.42449,1.10754,0.0
1787490185.946791,1.42482,1.10687,0.0
1787490186.0480797,1.42427,1.10651,0.0
1787490186.1465561,1.42429,1.10666,0.0
1787490186.2458034,1.42459,1.10731,0.0
1787490186.345995,1.42501,1.10757,0.0
1787490186.445849,1.42453,1.10753,0.0
1787490186.5458565,1.42475,1.10675,0.0
1787490186.6464689,1.42832,1.1052,0.0
1787490186.7659376,1.4438,1.09821,0.0
1787490186.8661366,1.47102,1.08495,0.0
1787490186.9651432,1.49795,1.07006,0.0
1787490187.066954,1.51637,1.05861,0.0
1787490187.1657257,1.53106,1.04737,0.0
1787490187.2649379,1.55012,1.0327,0.0
1787490187.3679326,1.57374,1.01511,0.0
1787490187.4649987,1.59608,0.99837,0.0
1787490187.5668511,1.61529,0.98355,0.0
1787490187.6667209,1.63295,0.96849,0.0
1787490187.7665203,1.65229,0.95191,0.0
1787490187.865674,1.67189,0.93564,0.0
1787490187.9674819,1.68938,0.92198,0.0
1787490188.0658448,1.70359,0.91014,0.0
1787490188.167687,1.71596,0.90071,0.0
1787490188.2861013,1.73235,0.89012,0.0
1787490188.3851266,1.73545,0.88969,0.0
1787490188.484929,1.72868,0.89565,0.0
1787490188.5877678,1.72438,0.89632,0.0
1787490188.686228,1.73026,0.88471,0.0
1787490188.7863817,1.74381,0.87402,0.0
1787490188.8857028,1.74557,0.87593,0.0
1787490188.9862669,1.74024,0.88389,0.0
1787490189.085582,1.7357,0.88657,0.0
1787490189.1852179,1.73687,0.88171,0.0
1787490189.310024,1.74093,0.87707,0.0
1787490189.4258947,1.74171,0.87854,0.0
1787490189.524981,1.7392,0.88307,0.0
1787490189.6249797,1.738,0.88435,0.0
1787490189.726241,1.73779,0.88143,0.0
1787490189.826671,1.73903,0.87897,0.0
1787490189.9272506,1.73858,0.87954,0.0
1787490190.0267842,1.73799,0.88141,0.0
1787490190.1275773,1.73375,0.87814,0.0
1787490190.2269166,1.72829,0.8615,0.0
1787490190.326845,1.71924,0.83258,0.0
1787490190.4262786,1.71043,0.80535,0.0
1787490190.5256972,1.70482,0.78509,0.0
1787490190.6271253,1.70131,0.77533,0.0
1787490190.7268786,1.6961,0.76149,0.0
1787490190.8262613,1.691,0.74702,0.0
1787490190.9265132,1.68554,0.73542,0.0
1787490191.0264614,1.68314,0.72653,0.0
1787490191.126756,1.68201,0.72742,0.0
1787490191.2265637,1.68195,0.73205,0.0
1787490191.3468378,1.67438,0.72097,0.0
1787490191.4472253,1.65623,0.69591,0.0
1787490191.5480258,1.6359,0.66801,0.0
1787490191.646908,1.61894,0.64645,0.0
1787490191.7472622,1.60493,0.62958,0.0
1787490191.8472843,1.59032,0.61207,0.0
1787490191.9463813,1.5749,0.59344,0.0
1787490192.0474958,1.56005,0.57555,0.0
1787490192.1463869,1.54693,0.56099,0.0
1787490192.2465036,1.53758,0.54909,0.0
1787490192.3466253,1.52918,0.53804,0.0
1787490192.446799,1.52416,0.52879,0.0
1787490192.5474904,1.5243,0.52634,0.0
1787490192.6677208,1.52979,0.53101,0.0
1787490192.7669022,1.53235,0.53576,0.0
1787490192.8667705,1.5253,0.53343,0.0
1787490192.9665618,1.50129,0.51889,0.0
1787490193.0660596,1.46589,0.49557,0.0
1787490193.1668673,1.43281,0.47315,0.0
1787490193.2668176,1.40145,0.45075,0.0
1787490193.3872943,1.38725,0.43835,0.0
1787490193.4871318,1.38625,0.43747,0.0
1787490193.5872722,1.39598,0.44197,0.0
1787490193.6873484,1.40201,0.44593,0.0
1787490193.786612,1.38767,0.44763,0.0
1787490193.887191,1.34952,0.43753,0.0
1787490193.987625,1.30735,0.42543,0.0
1787490194.0872908,1.27286,0.41555,0.0
1787490194.214856,1.24943,0.4084,0.0
1787490194.3071187,1.22732,0.40274,0.0
1787490194.4069169,1.19802,0.39381,0.0
1787490194.5069566,1.16501,0.38258,0.0
1787490194.608514,1.13493,0.37134,0.0
1787490194.7113194,1.10977,0.3618,0.0
1787490194.82641,1.07057,0.34617,0.0
1787490194.9281585,1.04064,0.33393,0.0
1787490195.0282967,1.01182,0.32142,0.0
1787490195.125765,0.98586,0.30939,0.0
1787490195.2467577,0.95997,0.29801,0.0
1787490195.3472407,0.93263,0.28546,0.0
1787490195.446433,0.90468,0.27136,0.0
1787490195.5474484,0.87799,0.2573,0.0
1787490195.6676393,0.85254,0.24377,0.0
1787490195.7669423,0.82711,0.22783,0.0
1787490195.8669043,0.79988,0.21397,0.0
1787490195.9661982,0.77181,0.20108,0.0
1787490196.0662735,0.74436,0.19014,0.0
1787490196.1667984,0.71625,0.18129,0.0
1787490196.2672343,0.67262,0.16986,0.0
1787490196.3660889,0.64277,0.16345,0.0
1787490196.4665952,0.61304,0.15868,0.0
1787490196.566643,0.58307,0.15594,0.0
1787490196.6898267,0.55313,0.15488,0.0
1787490196.7863204,0.52305,0.15393,0.0
1787490196.8871377,0.49767,0.15795,0.0
1787490197.0074177,0.49564,0.15758,0.0
1787490197.1079102,0.5057,0.15898,0.0
1787490197.208644,0.51488,0.1602,0.0
1787490197.3064444,0.50336,0.15236,0.0
1787490197.4083679,0.46669,0.13955,0.0
1787490197.5069163,0.42535,0.12604,0.0
1787490197.6073332,0.3889,0.1142,0.0
1787490197.7273092,0.36391,0.10552,0.0
1787490197.8272414,0.32882,0.09586,0.0
1787490197.9280171,0.3091,0.09229,0.0
1787490198.0277739,0.31365,0.09371,0.0
1787490198.1277485,0.31021,0.08888,0.0
1787490198.2479131,0.28045,0.07132,0.0
1787490198.3677044,0.24406,0.05226,0.0
1787490198.445915,0.21495,0.03669,0.0
1787490198.5458744,0.19831,0.02836,0.0
1787490198.64624,0.18742,0.02317,0.0
1787490198.7456212,0.1734,0.01527,0.0
1787490198.8471274,0.15621,0.00585,0.0
1787490198.9462476,0.14282,-0.00154,0.0
1787490199.046393,0.13767,-0.00311,0.0
1787490199.1457286,0.14393,0.00147,0.0
1787490199.246552,0.14989,0.00383,0.0
1787490199.3459864,0.14987,0.00798,0.0
1787490199.4460614,0.14855,0.00674,0.0
1787490199.5467095,0.14582,0.00023,0.0
1787490199.6671667,0.14631,-0.00054,0.0
1787490199.7664187,0.14629,-0.00013,0.0
1787490199.8656256,0.14659,0.0055,0.0
1787490199.965218,0.14707,0.00533,0.0
1787490200.0664866,0.14701,0.00026,0.0
1787490200.1658773,0.1471,2e-05,0.0
1787490200.2664452,0.14607,0.00085,0.0
1787490200.3666341,0.14549,0.00584,0.0
1787490200.4872656,0.14516,0.00178,0.0
1787490200.586958,0.14505,0.00139,0.0
1787490200.6871798,0.14333,0.0058,0.0
1787490200.7880874,0.14333,0.0069,0.0
1787490200.8868012,0.14417,0.00308,0.0
1787490200.9876852,0.14364,0.00247,0.0
1787490201.086866,0.1432,0.00238,0.0
1787490201.1869464,0.14235,0.00484,0.0
1787490201.286438,0.14234,0.00723,0.0
1787490201.3874054,0.14318,0.00499,0.0
1787490201.4868972,0.14336,0.00241,0.0
1787490201.5872571,0.14222,0.00531,0.0
1787490201.687044,0.14217,0.00674,0.0
1787490201.7869675,0.14353,0.00446,0.0
1787490201.88626,0.1435,0.00136,0.0
1787490202.0074332,0.14395,0.0017,0.0
1787490202.1056995,0.14329,0.00551,0.0
1787490202.2062283,0.14312,0.00753,0.0
1787490202.3062363,0.14394,0.00535,0.0
1787490202.4077694,0.14425,0.00259,0.0
1787490202.5063982,0.14448,0.00236,0.0
1787490202.6073492,0.1437,0.00596,0.0
1787490202.727441,0.14339,0.00913,0.0
1787490202.8269632,0.14371,0.00384,0.0
1787490202.9455965,0.14352,0.00323,0.0
1787490203.048481,0.14324,0.00289,0.0
1787490203.1473868,0.14374,0.0095,0.0
1787490203.2467794,0.14397,0.00998,0.0
1787490203.3481581,0.1444,0.00499,0.0
1787490203.4472506,0.14383,0.00458,0.0
1787490203.547997,0.1437,0.01,0.0
1787490203.6489787,0.14407,0.01036,0.0
1787490203.7480156,0.14437,0.00537,0.0
1787490203.8468356,0.14379,0.00531,0.0
1787490203.950017,0.14329,0.00512,0.0
1787490204.0495648,0.14396,0.01139,0.0
1787490204.1488574,0.1442,0.01175,0.0
1787490204.2659621,0.14441,0.00648,0.0
1787490204.3658793,0.14458,0.00631,0.0
1787490204.4660125,0.14357,0.00631,0.0
1787490204.565665,0.14294,0.01228,0.0
1787490204.6660132,0.1435,0.01178,0.0
1787490204.7660718,0.14406,0.0068,0.0
1787490204.8680131,0.14385,0.00602,0.0
1787490204.9869134,0.14267,0.00992,0.0
1787490205.0855906,0.14268,0.01258,0.0
1787490205.1859677,0.14303,0.0103,0.0
1787490205.2862391,0.14325,0.00686,0.0
1787490205.3860807,0.14192,0.00989,0.0
1787490205.4859207,0.14169,0.01215,0.0
1787490205.587193,0.14237,0.01034,0.0
1787490205.68647,0.14226,0.00709,0.0
1787490205.7852633,0.14217,0.00663,0.0
1787490205.8851535,0.14144,0.0104,0.0
1787490205.98586,0.14139,0.01331,0.0
1787490206.0877607,0.14196,0.01287,0.0
1787490206.1862137,0.14084,0.00793,0.0
1787490206.3071856,0.14051,0.00745,0.0
1787490206.4072742,0.13954,0.0087,0.0
1787490206.5065296,0.14017,0.013,0.0
1787490206.6076229,0.14062,0.01217,0.0
1787490206.7084796,0.1403,0.00782,0.0
1787490206.807706,0.14045,0.00735,0.0
1787490206.9082415,0.13964,0.0089,0.0
1787490207.006532,0.14051,0.01327,0.0
1787490207.1076727,0.1413,0.01262,0.0
1787490207.2079647,0.14122,0.00841,0.0
1787490207.3277576,0.14102,0.0093,0.0
1787490207.428355,0.14074,0.01306,0.0
1787490207.5285723,0.1412,0.01217,0.0
1787490207.6277509,0.14104,0.00766,0.0
1787490207.7282486,0.14121,0.00687,0.0
1787490207.8280358,0.14078,0.01231,0.0
1787490207.9300895,0.14097,0.01233,0.0
1787490208.0274072,0.13999,0.00796,0.0
1787490208.126672,0.14008,0.00667,0.0
1787490208.2268443,0.14014,0.00623,0.0
1787490208.3276608,0.13966,0.01151,0.0
1787490208.4261608,0.13934,0.01224,0.0
1787490208.547776,0.13936,0.00771,0.0
1787490208.648048,0.1387,0.00632,0.0
1787490208.7471344,0.13895,0.01145,0.0
1787490208.848025,0.13841,0.01171,0.0
1787490208.9474063,0.13806,0.00783,0.0
1787490209.0478442,0.13848,0.00689,0.0
1787490209.1690056,0.13849,0.00612,0.0
1787490209.2685819,0.13883,0.01243,0.0
1787490209.3686762,0.13862,0.0127,0.0
1787490209.469267,0.13817,0.00891,0.0
1787490209.5676064,0.13865,0.0069,0.0
1787490209.669863,0.1384,0.00726,0.0
1787490209.7877972,0.13819,0.01265,0.0
1787490209.8874564,0.13918,0.01145,0.0
1787490209.9875586,0.13846,0.00693,0.0
1787490210.0869517,0.13818,0.00701,0.0
1787490210.1862316,0.13735,0.00846,0.0
1787490210.287326,0.13787,0.01249,0.0
1787490210.4076307,0.13857,0.01361,0.0
1787490210.5073981,0.13913,0.00851,0.0
1787490210.6074083,0.13985,0.00838,0.0
1787490210.70725,0.13845,0.00943,0.0
1787490210.8063266,0.13863,0.01388,0.0
1787490210.9062517,0.13982,0.01451,0.0
1787490211.0071528,0.13931,0.00909,0.0
1787490211.107606,0.13871,0.00895,0.0
1787490211.2152827,0.13725,0.00932,0.0
1787490211.307265,0.13793,0.01452,0.0
1787490211.4267182,0.13847,0.01449,0.0
1787490211.5275395,0.13789,0.0095,0.0
1787490211.6274958,0.13729,0.00932,0.0
1787490211.7273052,0.13847,0.01342,0.0
1787490211.8483613,0.13862,0.01526,0.0
1787490211.9476242,0.13832,0.01271,0.0
1787490212.0483117,0.13817,0.01132,0.0
1787490212.1465113,0.1381,0.01496,0.0
1787490212.24722,0.1387,0.01564,0.0
1787490212.3479073,0.13976,0.0125,0.0
1787490212.4480233,0.13965,0.01011,0.0
1787490212.5475378,0.13905,0.01011,0.0
1787490212.6468933,0.13858,0.01534,0.0
1787490212.7477283,0.13865,0.01698,0.0
1787490212.8469303,0.13954,0.01398,0.0
1787490212.9469352,0.13932,0.01174,0.0
1787490213.0481694,0.13868,0.01137,0.0
1787490213.1690094,0.13882,0.01619,0.0
1787490213.2682729,0.1386,0.01786,0.0
1787490213.3686981,0.13857,0.01425,0.0
1787490213.4682968,0.13891,0.01263,0.0
1787490213.5684896,0.13817,0.01532,0.0
1787490213.6688762,0.13809,0.01664,0.0
1787490213.7684243,0.1387,0.01401,0.0
1787490213.8681104,0.13888,0.01167,0.0
1787490213.967876,0.13868,0.01179,0.0
1787490214.0675385,0.13807,0.01603,0.0
1787490214.1675,0.13898,0.018,0.0
1787490214.2664437,0.13934,0.01215,0.0
1787490214.3890045,0.14006,0.01253,0.0
1787490214.4883056,0.13886,0.01358,0.0
1787490214.5882926,0.13964,0.01927,0.0
1787490214.6876183,0.14079,0.01901,0.0
1787490214.7886927,0.14084,0.01374,0.0
1787490214.8871574,0.14069,0.01355,0.0
1787490214.9891608,0.13955,0.01378,0.0
1787490215.0883193,0.14109,0.01933,0.0
1787490215.1874685,0.14153,0.01929,0.0
1787490215.2896461,0.14103,0.01489,0.0
1787490215.387369,0.14103,0.01494,0.0
1787490215.4889767,0.14184,0.01977,0.0
1787490215.5864978,0.14217,0.01933,0.0
1787490215.686582,0.14207,0.01637,0.0
1787490215.8076723,0.142,0.01635,0.0
1787490215.9061296,0.14186,0.01663,0.0
1787490216.006238,0.14197,0.01668,0.0
1787490216.1074343,0.14237,0.01709,0.0
1787490216.2128706,0.14295,0.01711,0.0
1787490216.3065877,0.14305,0.01718,0.0
1787490216.4074726,0.14307,0.01708,0.0
1787490216.5061774,0.14336,0.01712,0.0
